{"rent_0_bedroom": {"min": 437.0, "max": 3182.0}, "rent_1_bedroom": {"min": 440.0, "max": 3354.0}, "rent_2_bedroom": {"min": 510.0, "max": 4398.0}, "rent_3_bedroom": {"min": 620.0, "max": 5474.0}, "rent_4_bedroom": {"min": 683.0, "max": 5838.0}, "avg_rent": {"min": 0, "max": 4449.2}, "population": {"min": 0, "max": 18832416}, "density": {"min": 0, "max": 28653.9}, "ranking": {"min": 1, "max": 5}, "cost_of_living_index": {"min": 0, "max": 178.6}, "crime": {"min": 0, "max": 155450.0}, "annual_avg_temp": {"min": 0, "max": 28.10027322404372}, "Education": {"min": 0.0160112734923063, "max": 0.130835668243442}}